customerid,username,fname,lname,street,street2,city,state,zip
1,ibaldetti0,Idalina,Baldetti,5 Judy Road,6 Red Cloud Lane,Zengji,,41564
2,vkubach1,Vita,Kubach,03226 Anthes Drive,5598 Bonner Point,Paitan Norte,,24344
3,amustard2,Aryn,Mustard,7 Atwood Lane,485 Summer Ridge Center,Mūdīyah,,32479
4,lwhitehurst3,Lilllie,Whitehurst,55 Cottonwood Crossing,87555 Union Terrace,Fushan,,32940
5,mburnyeat4,Moira,Burnyeat,8147 Mallard Circle,69675 Schmedeman Way,Laizhou,,32109
6,rcosely5,Rayshell,Cosely,2749 Truax Terrace,6275 Sachtjen Center,Tarakan,,38033
7,dlaffan6,Domini,Laffan,4 Norway Maple Trail,7 Fair Oaks Street,Margacina,,51183
8,rpaolozzi7,Renelle,Paolozzi,5 Forest Dale Road,0797 Lillian Lane,Dubti,,37121
9,cabarrow8,Crissy,A'Barrow,0611 Melvin Lane,3 Graedel Center,Longyearbyen,,89439
10,ppiccard9,Pegeen,Piccard,06077 Londonderry Court,76239 Pleasure Terrace,Shanghudi,,82673
11,lsimionatoa,Leland,Simionato,5 Elka Court,13 Dottie Alley,Fushë-Bulqizë,,66734
12,cpeirazzib,Chiquia,Peirazzi,11 Prairieview Pass,6 Bay Way,Erfangping,,84358
13,egeorgec,Eadith,George,93470 Bayside Plaza,90 Bonner Hill,Zhangdan,,54292
14,nstitchd,Nikkie,Stitch,28697 Vermont Point,97 Victoria Court,Tierimu,,18211
15,ccozense,Constantina,Cozens,18 Northwestern Drive,62992 Londonderry Drive,Fengdian,,81676
16,icollingwoodf,Inessa,Collingwood,6 Cascade Trail,572 Crest Line Plaza,Saint-Louis du Nord,,80402
17,hmcqueeng,Honoria,McQueen,50 Sachtjen Place,46075 Russell Pass,Yuanshanzi,,71841
18,dtattersallh,Dorella,Tattersall,2125 Hansons Hill,7183 Mallard Alley,Trebisht-Muçinë,,83838
19,ctrolleyi,Chrissy,Trolley,4270 Crowley Lane,3 Talmadge Crossing,Port-de-Bouc,Provence-Alpes-Côte d'Azur,24054
20,cyushkovj,Celestine,Yushkov,77671 Hoard Parkway,098 Westerfield Street,Saint-Ambroise,Québec,12622
21,ckmicickik,Claretta,Kmicicki,17996 Homewood Hill,3710 Pond Park,Shajing,,70004
22,lglendenningl,Lindsey,Glendenning,4 Artisan Park,084 Drewry Trail,Rochester,New York,70248
23,brattenburym,Benni,Rattenbury,0476 Schurz Place,6128 New Castle Point,Yungaisi,,20113
24,kgofordn,Kimmy,Goford,6 Harbort Avenue,7745 Crest Line Parkway,Gozdowo,,60993
25,lcourageo,Leanora,Courage,5 Park Meadow Way,39273 Bashford Way,San Cristóbal,,25401
26,gschurigp,Glyn,Schurig,3 Bartillon Point,41415 Marcy Parkway,Belo Horizonte,,89419
27,ssalvidgeq,Susan,Salvidge,050 Oneill Circle,2 Forest Alley,Saseel,,77647
28,dcrosselandr,Danette,Crosseland,27594 Crowley Terrace,713 Northview Center,Wijewo,,27192
29,fkropachs,Francene,Kropach,040 Dawn Hill,91 Mockingbird Avenue,Muroto-misakicho,,87878
30,khankst,Kamillah,Hanks,5462 Superior Way,6291 Ramsey Center,La Colorada,,41437
31,jlundyu,Jocelyne,Lundy,14750 Hagan Lane,65 3rd Court,Kryevidh,,69616
32,lbaserv,Linea,Baser,89277 Larry Park,57793 Loomis Alley,Xinjia,,11295
33,mgetcliffw,Mahalia,Getcliff,6778 Fairview Crossing,75385 Judy Place,Jönköping,Jönköping,16467
34,eeatonx,Elsey,Eaton,3928 Charing Cross Terrace,34689 Luster Way,Habingkloang,,12920
35,mstannasy,Merci,Stannas,80634 Division Street,614 Moose Junction,Neglasari,,47823
36,ebenainez,Estel,Benaine,572 Hollow Ridge Crossing,23 Ohio Trail,Zhenjiang,,24961
37,dpeet10,Dottie,Peet,0454 Bartelt Junction,3 Barby Pass,Lugang,,72090
38,bobeirne11,Bliss,O'Beirne,87 Old Gate Avenue,1 Starling Drive,Mercaderes,,46716
39,lcodman12,Lorelle,Codman,99056 Prentice Junction,83 Basil Point,Lajedo,,12443
40,vpettis13,Vivienne,Pettis,86991 Waywood Drive,389 Reindahl Park,Tarascon,Provence-Alpes-Côte d'Azur,33016
41,ivowells14,Inna,Vowells,8 Autumn Leaf Court,9 Dunning Alley,Jaqué,,41643
42,agreave15,Ariela,Greave,87225 Clemons Parkway,6 Maywood Center,Pameče,,40785
43,acurl16,Averil,Curl,18105 Caliangt Road,701 Everett Avenue,Mizusawa,,22686
44,mfaithfull17,Marcelia,Faithfull,0135 Grasskamp Circle,46940 Green Way,Biritiba Mirim,,14588
45,aboick18,Audrie,Boick,82 Merry Point,495 Stang Park,Panitan,,15253
46,mpaur19,Max,Paur,9 Harper Terrace,603 Glacier Hill Pass,Lesnoy,,41635
47,esimpkiss1a,Euphemia,Simpkiss,52577 Fremont Circle,203 Chive Point,Hněvotín,,43989
48,ldidello1b,Linea,Di Dello,75 Sachs Trail,1 Muir Point,Kugri,,27633
49,chartrick1c,Cilka,Hartrick,3861 Carberry Circle,40 Menomonie Crossing,Bayanan,,57548
50,scaudle1d,Sharia,Caudle,2 Holmberg Court,02790 Wayridge Junction,Nereta,,16701
